{"cameraMode":{"drawMode":0,"name":"Shaded","section":"Shading Mode"},"sceneLighting":false,"audioPlay":false,"sceneViewState":{"showFog":true,"showMaterialUpdate":false,"showSkybox":false,"showFlares":true,"showImageEffects":true,"showParticleSystems":true},"in2DMode":false,"pivot":{"x":-0.0000019073486328125,"y":35.30796432495117,"z":-0.0000019073486328125},"rotation":{"x":0.3760029673576355,"y":0.012537533417344094,"z":-0.005052536725997925,"w":0.9265334606170654},"size":102.5055160522461,"orthographic":false}