{"cameraMode":{"drawMode":0,"name":"Shaded","section":"Shading Mode"},"sceneLighting":false,"audioPlay":false,"sceneViewState":{"showFog":true,"showMaterialUpdate":false,"showSkybox":false,"showFlares":true,"showImageEffects":true,"showParticleSystems":true},"in2DMode":false,"pivot":{"x":-0.549504280090332,"y":121.81231689453125,"z":0.0},"rotation":{"x":0.12485527247190476,"y":0.0909695103764534,"z":-0.011466148309409619,"w":0.9879375100135803},"size":387.6230773925781,"orthographic":false}